{
  "name": "angular-animate",
  "version": "1.3.15",
  "main": "./angular-animate.js",
  "ignore": [],
  "dependencies": {
    "angular": "1.3.15"
  },
  "homepage": "https://github.com/angular/bower-angular-animate",
  "_release": "1.3.15",
  "_resolution": {
    "type": "version",
    "tag": "v1.3.15",
    "commit": "30fb369974560dbeb8a5311861c124e094944dab"
  },
  "_source": "git://github.com/angular/bower-angular-animate.git",
  "_target": "~1.3.15",
  "_originalSource": "angular-animate",
  "_direct": true
}